CO2EmissionUnitCost,InterhubDiscountFactor,CoveringRadius,HubOpeningCost,TotalCost,TotalWithoutCO2Cost,TotalCarbonEmission,OpenedHubLocs,DemandCo2Emission,RunTime
16.89,0.8,0.8,10000.0,576056.6676296011,401501.34360607597,10334.832683453233,"{3: 1, 6: 1, 10: 1, 11: 1, 13: 1, 16: 1, 19: 1, 21: 1}","{0: 489.67458919754995, 1: 167.38779469736198, 2: 552.437195423018, 3: 734.9217515521008, 4: 159.678141889053, 5: 250.32070675064, 6: 221.77551138276698, 7: 465.04409674086094, 8: 416.181359102646, 9: 282.46612069966, 10: 129.59356772050097, 11: 955.6536913687639, 12: 174.45794053594898, 13: 437.0518512388309, 14: 327.75549882931796, 15: 298.64079282176004, 16: 1321.461873756954, 17: 348.82559347206006, 18: 236.48942552863596, 19: 154.10425917810304, 20: 324.09339845749895, 21: 726.7546858637149, 22: 419.51870212376093, 23: 225.63595733414897, 24: 514.908177787568}",7.682904005050659
